optimizer,Epochs,BatchSize,Learning Rate,Accuracy,Loss,F1 Score,id,Samples
SGD,1,16,0.00001,0.458,1.566,0.453,1,SGD--1--16--0.00001
SGD,1,32,0.00001,0.462,1.558,0.458,2,SGD--1--32--0.00001
SGD,1,64,0.00001,0.468,1.548,0.462,3,SGD--1--64--0.00001
SGD,2,16,0.00001,0.502,1.437,0.497,1,SGD--2--16--0.00001
SGD,2,32,0.00001,0.505,1.43,0.501,2,SGD--2--32--0.00001
SGD,2,64,0.00001,0.512,1.417,0.505,3,SGD--2--64--0.00001
SGD,3,16,0.00001,0.537,1.348,0.533,1,SGD--3--16--0.00001
SGD,3,32,0.00001,0.541,1.341,0.537,2,SGD--3--32--0.00001
SGD,3,64,0.00001,0.547,1.328,0.541,3,SGD--3--64--0.00001
SGD,4,16,0.00001,0.56,1.288,0.556,1,SGD--4--16--0.00001
SGD,4,32,0.00001,0.566,1.276,0.56,2,SGD--4--32--0.00001
SGD,4,64,0.00001,0.573,1.262,0.564,3,SGD--4--64--0.00001
SGD,5,16,0.00001,0.586,1.229,0.581,1,SGD--5--16--0.00001
SGD,5,32,0.00001,0.591,1.217,0.585,2,SGD--5--32--0.00001
SGD,5,64,0.00001,0.597,1.203,0.59,3,SGD--5--64--0.00001
SGD,6,16,0.00001,0.608,1.174,0.603,1,SGD--6--16--0.00001
SGD,6,32,0.00001,0.614,1.161,0.608,2,SGD--6--32--0.00001
SGD,6,64,0.00001,0.62,1.148,0.611,3,SGD--6--64--0.00001
SGD,7,16,0.00001,0.621,1.14,0.616,1,SGD--7--16--0.00001
SGD,7,32,0.00001,0.626,1.129,0.62,2,SGD--7--32--0.00001
SGD,7,64,0.00001,0.633,1.115,0.625,3,SGD--7--64--0.00001
SGD,8,16,0.00001,0.644,1.093,0.636,1,SGD--8--16--0.00001
SGD,8,32,0.00001,0.649,1.081,0.64,2,SGD--8--32--0.00001
SGD,8,64,0.00001,0.654,1.069,0.645,3,SGD--8--64--0.00001
SGD,9,16,0.00001,0.662,1.048,0.653,1,SGD--9--16--0.00001
SGD,9,32,0.00001,0.667,1.036,0.657,2,SGD--9--32--0.00001
SGD,9,64,0.00001,0.673,1.023,0.663,3,SGD--9--64--0.00001
SGD,10,16,0.00001,0.68,1.002,0.669,1,SGD--10--16--0.00001
SGD,10,32,0.00001,0.686,0.991,0.675,2,SGD--10--32--0.00001
SGD,10,64,0.00001,0.692,0.978,0.681,3,SGD--10--64--0.00001
SGD,30,16,0.00001,0.748,0.725,0.742,1,SGD--30--16--0.00001
SGD,30,32,0.00001,0.763,0.68,0.757,2,SGD--30--32--0.00001
SGD,30,64,0.00001,0.773,0.655,0.767,3,SGD--30--64--0.00001
SGD,50,16,0.00001,0.784,0.624,0.778,1,SGD--50--16--0.00001
SGD,50,32,0.00001,0.794,0.598,0.788,2,SGD--50--32--0.00001
SGD,50,64,0.00001,0.8,0.583,0.793,3,SGD--50--64--0.00001
SGD,70,16,0.00001,0.811,0.558,0.804,1,SGD--70--16--0.00001
SGD,70,32,0.00001,0.819,0.53,0.812,2,SGD--70--32--0.00001
SGD,70,64,0.00001,0.826,0.513,0.819,3,SGD--70--64--0.00001
SGD,90,16,0.00001,0.835,0.487,0.828,1,SGD--90--16--0.00001
SGD,90,32,0.00001,0.841,0.466,0.835,2,SGD--90--32--0.00001
SGD,90,64,0.00001,0.847,0.45,0.84,3,SGD--90--64--0.00001
SGD,110,16,0.00001,0.852,0.431,0.845,1,SGD--110--16--0.00001
SGD,110,32,0.00001,0.859,0.415,0.852,2,SGD--110--32--0.00001
SGD,110,64,0.00001,0.864,0.402,0.857,3,SGD--110--64--0.00001
SGD,130,16,0.00001,0.87,0.385,0.863,1,SGD--130--16--0.00001
SGD,130,32,0.00001,0.875,0.372,0.868,2,SGD--130--32--0.00001
SGD,130,64,0.00001,0.878,0.364,0.872,3,SGD--130--64--0.00001
SGD,150,16,0.00001,0.884,0.347,0.878,1,SGD--150--16--0.00001
SGD,150,32,0.00001,0.888,0.337,0.882,2,SGD--150--32--0.00001
SGD,150,64,0.00001,0.893,0.325,0.887,3,SGD--150--64--0.00001
SGD,1,16,0.0001,0.466,1.548,0.461,1,SGD--1--16--0.0001
SGD,1,32,0.0001,0.473,1.537,0.467,2,SGD--1--32--0.0001
SGD,1,64,0.0001,0.48,1.527,0.473,3,SGD--1--64--0.0001
SGD,2,16,0.0001,0.509,1.42,0.504,1,SGD--2--16--0.0001
SGD,2,32,0.0001,0.515,1.408,0.509,2,SGD--2--32--0.0001
SGD,2,64,0.0001,0.522,1.394,0.514,3,SGD--2--64--0.0001
SGD,3,16,0.0001,0.545,1.335,0.54,1,SGD--3--16--0.0001
SGD,3,32,0.0001,0.551,1.323,0.545,2,SGD--3--32--0.0001
SGD,3,64,0.0001,0.557,1.309,0.55,3,SGD--3--64--0.0001
SGD,4,16,0.0001,0.571,1.267,0.566,1,SGD--4--16--0.0001
SGD,4,32,0.0001,0.578,1.254,0.571,2,SGD--4--32--0.0001
SGD,4,64,0.0001,0.584,1.239,0.576,3,SGD--4--64--0.0001
SGD,5,16,0.0001,0.597,1.207,0.59,1,SGD--5--16--0.0001
SGD,5,32,0.0001,0.602,1.193,0.595,2,SGD--5--32--0.0001
SGD,5,64,0.0001,0.609,1.178,0.6,3,SGD--5--64--0.0001
SGD,6,16,0.0001,0.622,1.149,0.613,1,SGD--6--16--0.0001
SGD,6,32,0.0001,0.628,1.135,0.618,2,SGD--6--32--0.0001
SGD,6,64,0.0001,0.63,1.128,0.626,3,SGD--6--64--0.0001
SGD,7,16,0.0001,0.64,1.111,0.63,1,SGD--7--16--0.0001
SGD,7,32,0.0001,0.646,1.096,0.635,2,SGD--7--32--0.0001
SGD,7,64,0.0001,0.652,1.081,0.64,3,SGD--7--64--0.0001
SGD,8,16,0.0001,0.663,1.057,0.652,1,SGD--8--16--0.0001
SGD,8,32,0.0001,0.669,1.043,0.657,2,SGD--8--32--0.0001
SGD,8,64,0.0001,0.675,1.028,0.663,3,SGD--8--64--0.0001
SGD,9,16,0.0001,0.685,1.006,0.674,1,SGD--9--16--0.0001
SGD,9,32,0.0001,0.69,0.991,0.679,2,SGD--9--32--0.0001
SGD,9,64,0.0001,0.695,0.977,0.684,3,SGD--9--64--0.0001
SGD,10,16,0.0001,0.703,0.955,0.693,1,SGD--10--16--0.0001
SGD,10,32,0.0001,0.709,0.941,0.698,2,SGD--10--32--0.0001
SGD,10,64,0.0001,0.715,0.926,0.703,3,SGD--10--64--0.0001
SGD,30,16,0.0001,0.796,0.574,0.789,1,SGD--30--16--0.0001
SGD,30,32,0.0001,0.81,0.533,0.804,2,SGD--30--32--0.0001
SGD,30,64,0.0001,0.82,0.506,0.814,3,SGD--30--64--0.0001
SGD,50,16,0.0001,0.827,0.475,0.821,1,SGD--50--16--0.0001
SGD,50,32,0.0001,0.838,0.446,0.832,2,SGD--50--32--0.0001
SGD,50,64,0.0001,0.846,0.428,0.84,3,SGD--50--64--0.0001
SGD,70,16,0.0001,0.853,0.406,0.847,1,SGD--70--16--0.0001
SGD,70,32,0.0001,0.862,0.38,0.856,2,SGD--70--32--0.0001
SGD,70,64,0.0001,0.867,0.366,0.861,3,SGD--70--64--0.0001
SGD,90,16,0.0001,0.874,0.345,0.869,1,SGD--90--16--0.0001
SGD,90,32,0.0001,0.88,0.326,0.875,2,SGD--90--32--0.0001
SGD,90,64,0.0001,0.886,0.312,0.88,3,SGD--90--64--0.0001
SGD,110,16,0.0001,0.893,0.294,0.887,1,SGD--110--16--0.0001
SGD,110,32,0.0001,0.898,0.281,0.893,2,SGD--110--32--0.0001
SGD,110,64,0.0001,0.903,0.271,0.898,3,SGD--110--64--0.0001
SGD,130,16,0.0001,0.907,0.256,0.902,1,SGD--130--16--0.0001
SGD,130,32,0.0001,0.912,0.245,0.907,2,SGD--130--32--0.0001
SGD,130,64,0.0001,0.917,0.236,0.912,3,SGD--130--64--0.0001
SGD,150,16,0.0001,0.922,0.223,0.917,1,SGD--150--16--0.0001
SGD,150,32,0.0001,0.927,0.213,0.923,2,SGD--150--32--0.0001
SGD,150,64,0.0001,0.931,0.204,0.927,3,SGD--150--64--0.0001
SGD,1,16,0.001,0.289,1.944,0.191,1,SGD--1--16--0.001
SGD,1,32,0.001,0.326,1.828,0.231,2,SGD--1--32--0.001
SGD,1,64,0.001,0.361,1.729,0.27,3,SGD--1--64--0.001
SGD,2,16,0.001,0.415,1.546,0.37,1,SGD--2--16--0.001
SGD,2,32,0.001,0.446,1.452,0.405,2,SGD--2--32--0.001
SGD,2,64,0.001,0.471,1.371,0.432,3,SGD--2--64--0.001
SGD,3,16,0.001,0.507,1.224,0.511,1,SGD--3--16--0.001
SGD,3,32,0.001,0.537,1.147,0.537,2,SGD--3--32--0.001
SGD,3,64,0.001,0.556,1.08,0.554,3,SGD--3--64--0.001
SGD,4,16,0.001,0.604,0.975,0.608,1,SGD--4--16--0.001
SGD,4,32,0.001,0.63,0.916,0.632,2,SGD--4--32--0.001
SGD,4,64,0.001,0.649,0.868,0.649,3,SGD--4--64--0.001
SGD,5,16,0.001,0.691,0.764,0.692,1,SGD--5--16--0.001
SGD,5,32,0.001,0.709,0.721,0.711,2,SGD--5--32--0.001
SGD,5,64,0.001,0.723,0.684,0.725,3,SGD--5--64--0.001
SGD,6,16,0.001,0.759,0.582,0.76,1,SGD--6--16--0.001
SGD,6,32,0.001,0.773,0.548,0.773,2,SGD--6--32--0.001
SGD,6,64,0.001,0.785,0.519,0.785,3,SGD--6--64--0.001
SGD,7,16,0.001,0.81,0.43,0.81,1,SGD--7--16--0.001
SGD,7,32,0.001,0.819,0.407,0.819,2,SGD--7--32--0.001
SGD,7,64,0.001,0.827,0.387,0.827,3,SGD--7--64--0.001
SGD,8,16,0.001,0.839,0.355,0.84,1,SGD--8--16--0.001
SGD,8,32,0.001,0.847,0.336,0.847,2,SGD--8--32--0.001
SGD,8,64,0.001,0.854,0.32,0.854,3,SGD--8--64--0.001
SGD,9,16,0.001,0.864,0.294,0.864,1,SGD--9--16--0.001
SGD,9,32,0.001,0.871,0.278,0.871,2,SGD--9--32--0.001
SGD,9,64,0.001,0.876,0.264,0.876,3,SGD--9--64--0.001
SGD,10,16,0.001,0.882,0.245,0.882,1,SGD--10--16--0.001
SGD,10,32,0.001,0.888,0.232,0.888,2,SGD--10--32--0.001
SGD,10,64,0.001,0.893,0.221,0.893,3,SGD--10--64--0.001
SGD,30,16,0.001,0.932,0.122,0.932,1,SGD--30--16--0.001
SGD,30,32,0.001,0.938,0.109,0.938,2,SGD--30--32--0.001
SGD,30,64,0.001,0.944,0.099,0.944,3,SGD--30--64--0.001
SGD,50,16,0.001,0.949,0.085,0.949,1,SGD--50--16--0.001
SGD,50,32,0.001,0.953,0.077,0.953,2,SGD--50--32--0.001
SGD,50,64,0.001,0.957,0.071,0.957,3,SGD--50--64--0.001
SGD,70,16,0.001,0.961,0.062,0.961,1,SGD--70--16--0.001
SGD,70,32,0.001,0.964,0.056,0.964,2,SGD--70--32--0.001
SGD,70,64,0.001,0.966,0.052,0.966,3,SGD--70--64--0.001
SGD,90,16,0.001,0.97,0.045,0.97,1,SGD--90--16--0.001
SGD,90,32,0.001,0.972,0.041,0.972,2,SGD--90--32--0.001
SGD,90,64,0.001,0.974,0.038,0.974,3,SGD--90--64--0.001
SGD,110,16,0.001,0.975,0.033,0.975,1,SGD--110--16--0.001
SGD,110,32,0.001,0.977,0.03,0.977,2,SGD--110--32--0.001
SGD,110,64,0.001,0.979,0.027,0.979,3,SGD--110--64--0.001
SGD,130,16,0.001,0.981,0.023,0.981,1,SGD--130--16--0.001
SGD,130,32,0.001,0.982,0.02,0.982,2,SGD--130--32--0.001
SGD,130,64,0.001,0.983,0.018,0.983,3,SGD--130--64--0.001
SGD,150,16,0.001,0.984,0.015,0.984,1,SGD--150--16--0.001
SGD,150,32,0.001,0.985,0.013,0.985,2,SGD--150--32--0.001
SGD,150,64,0.001,0.986,0.011,0.986,3,SGD--150--64--0.001
SGD,1,16,0.01,0.096,2.302,0.019,1,SGD--1--16--0.01
SGD,1,32,0.01,0.114,2.301,0.019,2,SGD--1--32--0.01
SGD,1,64,0.01,0.127,2.299,0.021,3,SGD--1--64--0.01
SGD,2,16,0.01,0.113,2.299,0.02,1,SGD--2--16--0.01
SGD,2,32,0.01,0.133,2.296,0.022,2,SGD--2--32--0.01
SGD,2,64,0.01,0.149,2.293,0.025,3,SGD--2--64--0.01
SGD,3,16,0.01,0.143,2.292,0.025,1,SGD--3--16--0.01
SGD,3,32,0.01,0.167,2.288,0.029,2,SGD--3--32--0.01
SGD,3,64,0.01,0.19,2.282,0.033,3,SGD--3--64--0.01
SGD,4,16,0.01,0.193,2.278,0.034,1,SGD--4--16--0.01
SGD,4,32,0.01,0.219,2.271,0.04,2,SGD--4--32--0.01
SGD,4,64,0.01,0.239,2.261,0.044,3,SGD--4--64--0.01
SGD,5,16,0.01,0.247,2.258,0.045,1,SGD--5--16--0.01
SGD,5,32,0.01,0.277,2.245,0.053,2,SGD--5--32--0.01
SGD,5,64,0.01,0.3,2.23,0.059,3,SGD--5--64--0.01
SGD,6,16,0.01,0.317,2.221,0.064,1,SGD--6--16--0.01
SGD,6,32,0.01,0.346,2.203,0.074,2,SGD--6--32--0.01
SGD,6,64,0.01,0.37,2.179,0.082,3,SGD--6--64--0.01
SGD,7,16,0.01,0.386,2.168,0.086,1,SGD--7--16--0.01
SGD,7,32,0.01,0.416,2.141,0.098,2,SGD--7--32--0.01
SGD,7,64,0.01,0.441,2.105,0.11,3,SGD--7--64--0.01
SGD,8,16,0.01,0.461,2.091,0.118,1,SGD--8--16--0.01
SGD,8,32,0.01,0.49,2.055,0.131,2,SGD--8--32--0.01
SGD,8,64,0.01,0.512,2.015,0.143,3,SGD--8--64--0.01
SGD,9,16,0.01,0.528,1.995,0.151,1,SGD--9--16--0.01
SGD,9,32,0.01,0.558,1.956,0.165,2,SGD--9--32--0.01
SGD,9,64,0.01,0.581,1.912,0.178,3,SGD--9--64--0.01
SGD,10,16,0.01,0.598,1.888,0.187,1,SGD--10--16--0.01
SGD,10,32,0.01,0.628,1.844,0.202,2,SGD--10--32--0.01
SGD,10,64,0.01,0.651,1.793,0.216,3,SGD--10--64--0.01
SGD,30,16,0.01,0.798,1.014,0.47,1,SGD--30--16--0.01
SGD,30,32,0.01,0.817,0.939,0.508,2,SGD--30--32--0.01
SGD,30,64,0.01,0.837,0.857,0.547,3,SGD--30--64--0.01
SGD,50,16,0.01,0.877,0.671,0.677,1,SGD--50--16--0.01
SGD,50,32,0.01,0.898,0.578,0.73,2,SGD--50--32--0.01
SGD,50,64,0.01,0.915,0.486,0.776,3,SGD--50--64--0.01
SGD,70,16,0.01,0.943,0.36,0.859,1,SGD--70--16--0.01
SGD,70,32,0.01,0.958,0.29,0.89,2,SGD--70--32--0.01
SGD,70,64,0.01,0.967,0.244,0.913,3,SGD--70--64--0.01
SGD,90,16,0.01,0.984,0.109,0.973,1,SGD--90--16--0.01
SGD,90,32,0.01,0.99,0.071,0.982,2,SGD--90--32--0.01
SGD,90,64,0.01,0.992,0.049,0.986,3,SGD--90--64--0.01
SGD,110,16,0.01,0.995,0.034,0.992,1,SGD--110--16--0.01
SGD,110,32,0.01,0.996,0.025,0.994,2,SGD--110--32--0.01
SGD,110,64,0.01,0.997,0.018,0.995,3,SGD--110--64--0.01
SGD,130,16,0.01,0.998,0.012,0.997,1,SGD--130--16--0.01
SGD,130,32,0.01,0.998,0.009,0.998,2,SGD--130--32--0.01
SGD,130,64,0.01,0.998,0.006,0.998,3,SGD--130--64--0.01
SGD,150,16,0.01,0.999,0.005,0.999,1,SGD--150--16--0.01
SGD,150,32,0.01,0.999,0.004,0.999,2,SGD--150--32--0.01
SGD,150,64,0.01,0.999,0.003,0.999,3,SGD--150--64--0.01
SGD,1,16,0.1,0.1,2.302,0.019,1,SGD--1--16--0.1
SGD,1,32,0.1,0.1,2.302,0.019,2,SGD--1--32--0.1
SGD,1,64,0.1,0.1,2.302,0.019,3,SGD--1--64--0.1
SGD,2,16,0.1,0.1,2.302,0.019,1,SGD--2--16--0.1
SGD,2,32,0.1,0.1,2.302,0.019,2,SGD--2--32--0.1
SGD,2,64,0.1,0.1,2.302,0.019,3,SGD--2--64--0.1
SGD,3,16,0.1,0.1,2.302,0.019,1,SGD--3--16--0.1
SGD,3,32,0.1,0.1,2.302,0.019,2,SGD--3--32--0.1
SGD,3,64,0.1,0.1,2.302,0.019,3,SGD--3--64--0.1
SGD,4,16,0.1,0.1,2.302,0.019,1,SGD--4--16--0.1
SGD,4,32,0.1,0.1,2.302,0.019,2,SGD--4--32--0.1
SGD,4,64,0.1,0.1,2.302,0.019,3,SGD--4--64--0.1
SGD,5,16,0.1,0.1,2.302,0.019,1,SGD--5--16--0.1
SGD,5,32,0.1,0.1,2.302,0.019,2,SGD--5--32--0.1
SGD,5,64,0.1,0.1,2.302,0.019,3,SGD--5--64--0.1
SGD,6,16,0.1,0.1,2.302,0.019,1,SGD--6--16--0.1
SGD,6,32,0.1,0.1,2.302,0.019,2,SGD--6--32--0.1
SGD,6,64,0.1,0.1,2.302,0.019,3,SGD--6--64--0.1
SGD,7,16,0.1,0.1,2.302,0.019,1,SGD--7--16--0.1
SGD,7,32,0.1,0.1,2.302,0.019,2,SGD--7--32--0.1
SGD,7,64,0.1,0.1,2.302,0.019,3,SGD--7--64--0.1
SGD,8,16,0.1,0.1,2.302,0.019,1,SGD--8--16--0.1
SGD,8,32,0.1,0.1,2.302,0.019,2,SGD--8--32--0.1
SGD,8,64,0.1,0.1,2.302,0.019,3,SGD--8--64--0.1
SGD,9,16,0.1,0.1,2.302,0.019,1,SGD--9--16--0.1
SGD,9,32,0.1,0.1,2.302,0.019,2,SGD--9--32--0.1
SGD,9,64,0.1,0.1,2.302,0.019,3,SGD--9--64--0.1
SGD,10,16,0.1,0.1,2.302,0.019,1,SGD--10--16--0.1
SGD,10,32,0.1,0.1,2.302,0.019,2,SGD--10--32--0.1
SGD,10,64,0.1,0.1,2.302,0.019,3,SGD--10--64--0.1
SGD,30,16,0.1,0.1,2.302,0.019,1,SGD--30--16--0.1
SGD,30,32,0.1,0.1,2.302,0.019,2,SGD--30--32--0.1
SGD,30,64,0.1,0.1,2.302,0.019,3,SGD--30--64--0.1
SGD,50,16,0.1,0.1,2.302,0.019,1,SGD--50--16--0.1
SGD,50,32,0.1,0.1,2.302,0.019,2,SGD--50--32--0.1
SGD,50,64,0.1,0.1,2.302,0.019,3,SGD--50--64--0.1
SGD,70,16,0.1,0.1,2.302,0.019,1,SGD--70--16--0.1
SGD,70,32,0.1,0.1,2.302,0.019,2,SGD--70--32--0.1
SGD,70,64,0.1,0.1,2.302,0.019,3,SGD--70--64--0.1
SGD,90,16,0.1,0.1,2.302,0.019,1,SGD--90--16--0.1
SGD,90,32,0.1,0.1,2.302,0.019,2,SGD--90--32--0.1
SGD,90,64,0.1,0.1,2.302,0.019,3,SGD--90--64--0.1
SGD,110,16,0.1,0.1,2.302,0.019,1,SGD--110--16--0.1
SGD,110,32,0.1,0.1,2.302,0.019,2,SGD--110--32--0.1
SGD,110,64,0.1,0.1,2.302,0.019,3,SGD--110--64--0.1
SGD,130,16,0.1,0.1,2.302,0.019,1,SGD--130--16--0.1
SGD,130,32,0.1,0.1,2.302,0.019,2,SGD--130--32--0.1
SGD,130,64,0.1,0.1,2.302,0.019,3,SGD--130--64--0.1
SGD,150,16,0.1,0.1,2.302,0.019,1,SGD--150--16--0.1
SGD,150,32,0.1,0.1,2.302,0.019,2,SGD--150--32--0.1
SGD,150,64,0.1,0.1,2.302,0.019,3,SGD--150--64--0.1
Adam,1,16,0.00001,0.253,1.946,0.196,1,Adam--1--16--0.00001
Adam,1,32,0.00001,0.278,1.92,0.22,2,Adam--1--32--0.00001
Adam,1,64,0.00001,0.302,1.898,0.244,3,Adam--1--64--0.00001
Adam,2,16,0.00001,0.327,1.876,0.269,1,Adam--2--16--0.00001
Adam,2,32,0.00001,0.352,1.853,0.294,2,Adam--2--32--0.00001
Adam,2,64,0.00001,0.377,1.829,0.319,3,Adam--2--64--0.00001
Adam,3,16,0.00001,0.402,1.805,0.344,1,Adam--3--16--0.00001
Adam,3,32,0.00001,0.426,1.78,0.369,2,Adam--3--32--0.00001
Adam,3,64,0.00001,0.45,1.754,0.394,3,Adam--3--64--0.00001
Adam,4,16,0.00001,0.474,1.727,0.418,1,Adam--4--16--0.00001
Adam,4,32,0.00001,0.498,1.7,0.442,2,Adam--4--32--0.00001
Adam,4,64,0.00001,0.521,1.672,0.466,3,Adam--4--64--0.00001
Adam,5,16,0.00001,0.544,1.643,0.49,1,Adam--5--16--0.00001
Adam,5,32,0.00001,0.567,1.614,0.514,2,Adam--5--32--0.00001
Adam,5,64,0.00001,0.59,1.584,0.538,3,Adam--5--64--0.00001
Adam,6,16,0.00001,0.612,1.554,0.561,1,Adam--6--16--0.00001
Adam,6,32,0.00001,0.633,1.523,0.584,2,Adam--6--32--0.00001
Adam,6,64,0.00001,0.655,1.491,0.607,3,Adam--6--64--0.00001
Adam,7,16,0.00001,0.676,1.459,0.63,1,Adam--7--16--0.00001
Adam,7,32,0.00001,0.698,1.425,0.653,2,Adam--7--32--0.00001
Adam,7,64,0.00001,0.719,1.391,0.675,3,Adam--7--64--0.00001
Adam,8,16,0.00001,0.74,1.356,0.697,1,Adam--8--16--0.00001
Adam,8,32,0.00001,0.761,1.32,0.719,2,Adam--8--32--0.00001
Adam,8,64,0.00001,0.782,1.283,0.741,3,Adam--8--64--0.00001
Adam,9,16,0.00001,0.802,1.246,0.763,1,Adam--9--16--0.00001
Adam,9,32,0.00001,0.822,1.208,0.785,2,Adam--9--32--0.00001
Adam,9,64,0.00001,0.842,1.168,0.806,3,Adam--9--64--0.00001
Adam,10,16,0.00001,0.862,1.127,0.827,1,Adam--10--16--0.00001
Adam,10,32,0.00001,0.881,1.084,0.847,2,Adam--10--32--0.00001
Adam,10,64,0.00001,0.9,1.039,0.867,3,Adam--10--64--0.00001
Adam,30,16,0.00001,0.938,0.678,0.923,1,Adam--30--16--0.00001
Adam,30,32,0.00001,0.95,0.568,0.939,2,Adam--30--32--0.00001
Adam,30,64,0.00001,0.958,0.501,0.949,3,Adam--30--64--0.00001
Adam,50,16,0.00001,0.967,0.442,0.959,1,Adam--50--16--0.00001
Adam,50,32,0.00001,0.973,0.395,0.965,2,Adam--50--32--0.00001
Adam,50,64,0.00001,0.977,0.359,0.969,3,Adam--50--64--0.00001
Adam,70,16,0.00001,0.984,0.322,0.975,1,Adam--70--16--0.00001
Adam,70,32,0.00001,0.986,0.304,0.977,2,Adam--70--32--0.00001
Adam,70,64,0.00001,0.988,0.289,0.978,3,Adam--70--64--0.00001
Adam,90,16,0.00001,0.99,0.267,0.98,1,Adam--90--16--0.00001
Adam,90,32,0.00001,0.992,0.254,0.982,2,Adam--90--32--0.00001
Adam,90,64,0.00001,0.993,0.243,0.983,3,Adam--90--64--0.00001
Adam,110,16,0.00001,0.994,0.231,0.984,1,Adam--110--16--0.00001
Adam,110,32,0.00001,0.995,0.222,0.985,2,Adam--110--32--0.00001
Adam,110,64,0.00001,0.995,0.213,0.985,3,Adam--110--64--0.00001
Adam,130,16,0.00001,0.996,0.205,0.986,1,Adam--130--16--0.00001
Adam,130,32,0.00001,0.996,0.198,0.987,2,Adam--130--32--0.00001
Adam,130,64,0.00001,0.997,0.191,0.987,3,Adam--130--64--0.00001
Adam,150,16,0.00001,0.997,0.184,0.988,1,Adam--150--16--0.00001
Adam,150,32,0.00001,0.997,0.178,0.988,2,Adam--150--32--0.00001
Adam,150,64,0.00001,0.998,0.172,0.989,3,Adam--150--64--0.00001
Adam,1,16,0.0001,0.256,1.947,0.198,1,Adam--1--16--0.0001
Adam,1,32,0.0001,0.279,1.92,0.221,2,Adam--1--32--0.0001
Adam,1,64,0.0001,0.302,1.897,0.244,3,Adam--1--64--0.0001
Adam,2,16,0.0001,0.326,1.876,0.268,1,Adam--2--16--0.0001
Adam,2,32,0.0001,0.35,1.854,0.293,2,Adam--2--32--0.0001
Adam,2,64,0.0001,0.375,1.83,0.318,3,Adam--2--64--0.0001
Adam,3,16,0.0001,0.399,1.806,0.343,1,Adam--3--16--0.0001
Adam,3,32,0.0001,0.423,1.781,0.368,2,Adam--3--32--0.0001
Adam,3,64,0.0001,0.448,1.755,0.393,3,Adam--3--64--0.0001
Adam,4,16,0.0001,0.472,1.728,0.417,1,Adam--4--16--0.0001
Adam,4,32,0.0001,0.496,1.701,0.441,2,Adam--4--32--0.0001
Adam,4,64,0.0001,0.519,1.673,0.465,3,Adam--4--64--0.0001
Adam,5,16,0.0001,0.542,1.645,0.489,1,Adam--5--16--0.0001
Adam,5,32,0.0001,0.565,1.616,0.513,2,Adam--5--32--0.0001
Adam,5,64,0.0001,0.588,1.586,0.537,3,Adam--5--64--0.0001
Adam,6,16,0.0001,0.61,1.556,0.56,1,Adam--6--16--0.0001
Adam,6,32,0.0001,0.632,1.525,0.584,2,Adam--6--32--0.0001
Adam,6,64,0.0001,0.654,1.494,0.607,3,Adam--6--64--0.0001
Adam,7,16,0.0001,0.675,1.463,0.63,1,Adam--7--16--0.0001
Adam,7,32,0.0001,0.696,1.431,0.652,2,Adam--7--32--0.0001
Adam,7,64,0.0001,0.716,1.398,0.673,3,Adam--7--64--0.0001
Adam,8,16,0.0001,0.736,1.364,0.695,1,Adam--8--16--0.0001
Adam,8,32,0.0001,0.756,1.329,0.716,2,Adam--8--32--0.0001
Adam,8,64,0.0001,0.776,1.294,0.737,3,Adam--8--64--0.0001
Adam,9,16,0.0001,0.796,1.259,0.758,1,Adam--9--16--0.0001
Adam,9,32,0.0001,0.815,1.223,0.779,2,Adam--9--32--0.0001
Adam,9,64,0.0001,0.834,1.187,0.8,3,Adam--9--64--0.0001
Adam,10,16,0.0001,0.853,1.15,0.82,1,Adam--10--16--0.0001
Adam,10,32,0.0001,0.872,1.113,0.84,2,Adam--10--32--0.0001
Adam,10,64,0.0001,0.89,1.075,0.86,3,Adam--10--64--0.0001
Adam,30,16,0.0001,0.946,0.701,0.918,1,Adam--30--16--0.0001
Adam,30,32,0.0001,0.957,0.588,0.932,2,Adam--30--32--0.0001
Adam,30,64,0.0001,0.965,0.517,0.941,3,Adam--30--64--0.0001
Adam,50,16,0.0001,0.973,0.46,0.951,1,Adam--50--16--0.0001
Adam,50,32,0.0001,0.979,0.411,0.957,2,Adam--50--32--0.0001
Adam,50,64,0.0001,0.983,0.375,0.962,3,Adam--50--64--0.0001
Adam,70,16,0.0001,0.986,0.34,0.967,1,Adam--70--16--0.0001
Adam,70,32,0.0001,0.988,0.319,0.97,2,Adam--70--32--0.0001
Adam,70,64,0.0001,0.99,0.3,0.972,3,Adam--70--64--0.0001
Adam,90,16,0.0001,0.992,0.279,0.974,1,Adam--90--16--0.0001
Adam,90,32,0.0001,0.994,0.261,0.976,2,Adam--90--32--0.0001
Adam,90,64,0.0001,0.995,0.244,0.978,3,Adam--90--64--0.0001
Adam,110,16,0.0001,0.996,0.228,0.979,1,Adam--110--16--0.0001
Adam,110,32,0.0001,0.997,0.213,0.98,2,Adam--110--32--0.0001
Adam,110,64,0.0001,0.997,0.199,0.982,3,Adam--110--64--0.0001
Adam,130,16,0.0001,0.998,0.186,0.983,1,Adam--130--16--0.0001
Adam,130,32,0.0001,0.998,0.173,0.984,2,Adam--130--32--0.0001
Adam,130,64,0.0001,0.998,0.161,0.985,3,Adam--130--64--0.0001
Adam,150,16,0.0001,0.998,0.15,0.986,1,Adam--150--16--0.0001
Adam,150,32,0.0001,0.999,0.139,0.987,2,Adam--150--32--0.0001
Adam,150,64,0.0001,0.999,0.128,0.988,3,Adam--150--64--0.0001
Adam,1,16,0.001,0.366,1.719,0.295,1,Adam--1--16--0.001
Adam,1,32,0.001,0.386,1.697,0.314,2,Adam--1--32--0.001
Adam,1,64,0.001,0.406,1.674,0.333,3,Adam--1--64--0.001
Adam,2,16,0.001,0.424,1.653,0.352,1,Adam--2--16--0.001
Adam,2,32,0.001,0.444,1.63,0.372,2,Adam--2--32--0.001
Adam,2,64,0.001,0.464,1.607,0.392,3,Adam--2--64--0.001
Adam,3,16,0.001,0.482,1.584,0.411,1,Adam--3--16--0.001
Adam,3,32,0.001,0.502,1.559,0.431,2,Adam--3--32--0.001
Adam,3,64,0.001,0.52,1.533,0.45,3,Adam--3--64--0.001
Adam,4,16,0.001,0.539,1.508,0.469,1,Adam--4--16--0.001
Adam,4,32,0.001,0.557,1.48,0.488,2,Adam--4--32--0.001
Adam,4,64,0.001,0.575,1.452,0.506,3,Adam--4--64--0.001
Adam,5,16,0.001,0.592,1.423,0.524,1,Adam--5--16--0.001
Adam,5,32,0.001,0.609,1.393,0.541,2,Adam--5--32--0.001
Adam,5,64,0.001,0.626,1.362,0.558,3,Adam--5--64--0.001
Adam,6,16,0.001,0.643,1.33,0.575,1,Adam--6--16--0.001
Adam,6,32,0.001,0.659,1.296,0.591,2,Adam--6--32--0.001
Adam,6,64,0.001,0.675,1.261,0.607,3,Adam--6--64--0.001
Adam,7,16,0.001,0.691,1.224,0.623,1,Adam--7--16--0.001
Adam,7,32,0.001,0.707,1.185,0.638,2,Adam--7--32--0.001
Adam,7,64,0.001,0.722,1.144,0.653,3,Adam--7--64--0.001
Adam,8,16,0.001,0.737,1.102,0.668,1,Adam--8--16--0.001
Adam,8,32,0.001,0.752,1.058,0.683,2,Adam--8--32--0.001
Adam,8,64,0.001,0.767,1.013,0.697,3,Adam--8--64--0.001
Adam,9,16,0.001,0.782,0.967,0.712,1,Adam--9--16--0.001
Adam,9,32,0.001,0.796,0.919,0.726,2,Adam--9--32--0.001
Adam,9,64,0.001,0.81,0.871,0.74,3,Adam--9--64--0.001
Adam,10,16,0.001,0.824,0.822,0.754,1,Adam--10--16--0.001
Adam,10,32,0.001,0.837,0.774,0.767,2,Adam--10--32--0.001
Adam,10,64,0.001,0.85,0.726,0.78,3,Adam--10--64--0.001
Adam,30,16,0.001,0.927,0.352,0.892,1,Adam--30--16--0.001
Adam,30,32,0.001,0.941,0.286,0.907,2,Adam--30--32--0.001
Adam,30,64,0.001,0.951,0.246,0.917,3,Adam--30--64--0.001
Adam,50,16,0.001,0.958,0.209,0.924,1,Adam--50--16--0.001
Adam,50,32,0.001,0.966,0.182,0.932,2,Adam--50--32--0.001
Adam,50,64,0.001,0.97,0.167,0.936,3,Adam--50--64--0.001
Adam,70,16,0.001,0.974,0.152,0.94,1,Adam--70--16--0.001
Adam,70,32,0.001,0.978,0.138,0.944,2,Adam--70--32--0.001
Adam,70,64,0.001,0.98,0.127,0.947,3,Adam--70--64--0.001
Adam,90,16,0.001,0.982,0.115,0.949,1,Adam--90--16--0.001
Adam,90,32,0.001,0.984,0.105,0.951,2,Adam--90--32--0.001
Adam,90,64,0.001,0.986,0.095,0.954,3,Adam--90--64--0.001
Adam,110,16,0.001,0.987,0.088,0.956,1,Adam--110--16--0.001
Adam,110,32,0.001,0.988,0.081,0.957,2,Adam--110--32--0.001
Adam,110,64,0.001,0.989,0.075,0.959,3,Adam--110--64--0.001
Adam,130,16,0.001,0.99,0.07,0.96,1,Adam--130--16--0.001
Adam,130,32,0.001,0.991,0.065,0.962,2,Adam--130--32--0.001
Adam,130,64,0.001,0.992,0.06,0.963,3,Adam--130--64--0.001
Adam,150,16,0.001,0.993,0.056,0.964,1,Adam--150--16--0.001
Adam,150,32,0.001,0.994,0.052,0.966,2,Adam--150--32--0.001
Adam,150,64,0.001,0.994,0.049,0.967,3,Adam--150--64--0.001
Adam,1,16,0.01,0.288,1.904,0.209,1,Adam--1--16--0.01
Adam,1,32,0.01,0.317,1.865,0.234,2,Adam--1--32--0.01
Adam,1,64,0.01,0.346,1.824,0.259,3,Adam--1--64--0.01
Adam,2,16,0.01,0.374,1.782,0.284,1,Adam--2--16--0.01
Adam,2,32,0.01,0.402,1.736,0.309,2,Adam--2--32--0.01
Adam,2,64,0.01,0.43,1.688,0.334,3,Adam--2--64--0.01
Adam,3,16,0.01,0.456,1.637,0.359,1,Adam--3--16--0.01
Adam,3,32,0.01,0.484,1.585,0.384,2,Adam--3--32--0.01
Adam,3,64,0.01,0.51,1.531,0.409,3,Adam--3--64--0.01
Adam,4,16,0.01,0.537,1.474,0.434,1,Adam--4--16--0.01
Adam,4,32,0.01,0.564,1.417,0.458,2,Adam--4--32--0.01
Adam,4,64,0.01,0.59,1.358,0.482,3,Adam--4--64--0.01
Adam,5,16,0.01,0.617,1.296,0.506,1,Adam--5--16--0.01
Adam,5,32,0.01,0.641,1.235,0.529,2,Adam--5--32--0.01
Adam,5,64,0.01,0.665,1.174,0.552,3,Adam--5--64--0.01
Adam,6,16,0.01,0.69,1.111,0.575,1,Adam--6--16--0.01
Adam,6,32,0.01,0.713,1.052,0.597,2,Adam--6--32--0.01
Adam,6,64,0.01,0.735,0.994,0.619,3,Adam--6--64--0.01
Adam,7,16,0.01,0.757,0.931,0.64,1,Adam--7--16--0.01
Adam,7,32,0.01,0.778,0.871,0.66,2,Adam--7--32--0.01
Adam,7,64,0.01,0.799,0.812,0.679,3,Adam--7--64--0.01
Adam,8,16,0.01,0.82,0.752,0.698,1,Adam--8--16--0.01
Adam,8,32,0.01,0.84,0.695,0.717,2,Adam--8--32--0.01
Adam,8,64,0.01,0.86,0.64,0.735,3,Adam--8--64--0.01
Adam,9,16,0.01,0.88,0.584,0.753,1,Adam--9--16--0.01
Adam,9,32,0.01,0.899,0.531,0.77,2,Adam--9--32--0.01
Adam,9,64,0.01,0.917,0.48,0.787,3,Adam--9--64--0.01
Adam,10,16,0.01,0.935,0.432,0.804,1,Adam--10--16--0.01
Adam,10,32,0.01,0.952,0.384,0.82,2,Adam--10--32--0.01
Adam,10,64,0.01,0.968,0.34,0.835,3,Adam--10--64--0.01
Adam,30,16,0.01,0.988,0.1,0.962,1,Adam--30--16--0.01
Adam,30,32,0.01,0.99,0.089,0.964,2,Adam--30--32--0.01
Adam,30,64,0.01,0.992,0.08,0.967,3,Adam--30--64--0.01
Adam,50,16,0.01,0.994,0.069,0.969,1,Adam--50--16--0.01
Adam,50,32,0.01,0.995,0.063,0.971,2,Adam--50--32--0.01
Adam,50,64,0.01,0.996,0.057,0.973,3,Adam--50--64--0.01
Adam,70,16,0.01,0.996,0.052,0.974,1,Adam--70--16--0.01
Adam,70,32,0.01,0.997,0.047,0.976,2,Adam--70--32--0.01
Adam,70,64,0.01,0.997,0.043,0.977,3,Adam--70--64--0.01
Adam,90,16,0.01,0.997,0.038,0.978,1,Adam--90--16--0.01
Adam,90,32,0.01,0.997,0.035,0.979,2,Adam--90--32--0.01
Adam,90,64,0.01,0.998,0.032,0.98,3,Adam--90--64--0.01
Adam,110,16,0.01,0.998,0.029,0.981,1,Adam--110--16--0.01
Adam,110,32,0.01,0.998,0.026,0.982,2,Adam--110--32--0.01
Adam,110,64,0.01,0.998,0.024,0.982,3,Adam--110--64--0.01
Adam,130,16,0.01,0.998,0.022,0.983,1,Adam--130--16--0.01
Adam,130,32,0.01,0.998,0.02,0.984,2,Adam--130--32--0.01
Adam,130,64,0.01,0.998,0.018,0.985,3,Adam--130--64--0.01
Adam,150,16,0.01,0.998,0.016,0.985,1,Adam--150--16--0.01
Adam,150,32,0.01,0.998,0.015,0.986,2,Adam--150--32--0.01
Adam,150,64,0.01,0.998,0.014,0.987,3,Adam--150--64--0.01
Adam,1,16,0.1,0.242,2.138,0.157,1,Adam--1--16--0.1
Adam,1,32,0.1,0.266,2.082,0.176,2,Adam--1--32--0.1
Adam,1,64,0.1,0.29,2.024,0.195,3,Adam--1--64--0.1
Adam,2,16,0.1,0.316,1.976,0.213,1,Adam--2--16--0.1
Adam,2,32,0.1,0.342,1.917,0.232,2,Adam--2--32--0.1
Adam,2,64,0.1,0.367,1.854,0.252,3,Adam--2--64--0.1
Adam,3,16,0.1,0.393,1.796,0.272,1,Adam--3--16--0.1
Adam,3,32,0.1,0.417,1.734,0.292,2,Adam--3--32--0.1
Adam,3,64,0.1,0.441,1.669,0.313,3,Adam--3--64--0.1
Adam,4,16,0.1,0.464,1.602,0.333,1,Adam--4--16--0.1
Adam,4,32,0.1,0.487,1.535,0.353,2,Adam--4--32--0.1
Adam,4,64,0.1,0.51,1.465,0.374,3,Adam--4--64--0.1
Adam,5,16,0.1,0.533,1.389,0.394,1,Adam--5--16--0.1
Adam,5,32,0.1,0.555,1.319,0.415,2,Adam--5--32--0.1
Adam,5,64,0.1,0.577,1.246,0.436,3,Adam--5--64--0.1
Adam,6,16,0.1,0.598,1.166,0.457,1,Adam--6--16--0.1
Adam,6,32,0.1,0.62,1.089,0.477,2,Adam--6--32--0.1
Adam,6,64,0.1,0.641,1.011,0.498,3,Adam--6--64--0.1
Adam,7,16,0.1,0.661,0.933,0.518,1,Adam--7--16--0.1
Adam,7,32,0.1,0.682,0.853,0.539,2,Adam--7--32--0.1
Adam,7,64,0.1,0.702,0.774,0.559,3,Adam--7--64--0.1
Adam,8,16,0.1,0.723,0.695,0.579,1,Adam--8--16--0.1
Adam,8,32,0.1,0.742,0.623,0.598,2,Adam--8--32--0.1
Adam,8,64,0.1,0.761,0.55,0.617,3,Adam--8--64--0.1
Adam,9,16,0.1,0.779,0.481,0.636,1,Adam--9--16--0.1
Adam,9,32,0.1,0.797,0.411,0.654,2,Adam--9--32--0.1
Adam,9,64,0.1,0.815,0.343,0.671,3,Adam--9--64--0.1
Adam,10,16,0.1,0.833,0.277,0.688,1,Adam--10--16--0.1
Adam,10,32,0.1,0.85,0.214,0.704,2,Adam--10--32--0.1
Adam,10,64,0.1,0.867,0.153,0.719,3,Adam--10--64--0.1
Adam,30,16,0.1,0.946,0.045,0.946,1,Adam--30--16--0.1
Adam,30,32,0.1,0.957,0.032,0.956,2,Adam--30--32--0.1
Adam,30,64,0.1,0.967,0.023,0.966,3,Adam--30--64--0.1
Adam,50,16,0.1,0.977,0.018,0.977,1,Adam--50--16--0.1
Adam,50,32,0.1,0.982,0.013,0.982,2,Adam--50--32--0.1
Adam,50,64,0.1,0.986,0.01,0.986,3,Adam--50--64--0.1
Adam,70,16,0.1,0.989,0.008,0.989,1,Adam--70--16--0.1
Adam,70,32,0.1,0.992,0.006,0.992,2,Adam--70--32--0.1
Adam,70,64,0.1,0.994,0.004,0.994,3,Adam--70--64--0.1
Adam,90,16,0.1,0.995,0.004,0.995,1,Adam--90--16--0.1
Adam,90,32,0.1,0.996,0.003,0.996,2,Adam--90--32--0.1
Adam,90,64,0.1,0.996,0.003,0.996,3,Adam--90--64--0.1
Adam,110,16,0.1,0.997,0.002,0.997,1,Adam--110--16--0.1
Adam,110,32,0.1,0.997,0.002,0.997,2,Adam--110--32--0.1
Adam,110,64,0.1,0.997,0.002,0.997,3,Adam--110--64--0.1
Adam,130,16,0.1,0.998,0.002,0.998,1,Adam--130--16--0.1
Adam,130,32,0.1,0.998,0.001,0.998,2,Adam--130--32--0.1
Adam,130,64,0.1,0.998,0.001,0.998,3,Adam--130--64--0.1
Adam,150,16,0.1,0.998,0.001,0.998,1,Adam--150--16--0.1
Adam,150,32,0.1,0.998,0.001,0.998,2,Adam--150--32--0.1
Adam,150,64,0.1,0.998,0.001,0.998,3,Adam--150--64--0.1
RMSprop,1,16,0.00001,0.239,2.142,0.153,1,RMSprop--1--16--0.00001
RMSprop,1,32,0.00001,0.263,2.086,0.171,2,RMSprop--1--32--0.00001
RMSprop,1,64,0.00001,0.287,2.03,0.19,3,RMSprop--1--64--0.00001
RMSprop,2,16,0.00001,0.31,1.979,0.207,1,RMSprop--2--16--0.00001
RMSprop,2,32,0.00001,0.334,1.922,0.226,2,RMSprop--2--32--0.00001
RMSprop,2,64,0.00001,0.359,1.862,0.246,3,RMSprop--2--64--0.00001
RMSprop,3,16,0.00001,0.384,1.802,0.266,1,RMSprop--3--16--0.00001
RMSprop,3,32,0.00001,0.408,1.738,0.287,2,RMSprop--3--32--0.00001
RMSprop,3,64,0.00001,0.432,1.673,0.308,3,RMSprop--3--64--0.00001
RMSprop,4,16,0.00001,0.456,1.607,0.329,1,RMSprop--4--16--0.00001
RMSprop,4,32,0.00001,0.479,1.541,0.35,2,RMSprop--4--32--0.00001
RMSprop,4,64,0.00001,0.502,1.472,0.371,3,RMSprop--4--64--0.00001
RMSprop,5,16,0.00001,0.526,1.398,0.393,1,RMSprop--5--16--0.00001
RMSprop,5,32,0.00001,0.549,1.328,0.414,2,RMSprop--5--32--0.00001
RMSprop,5,64,0.00001,0.572,1.256,0.435,3,RMSprop--5--64--0.00001
RMSprop,6,16,0.00001,0.594,1.182,0.456,1,RMSprop--6--16--0.00001
RMSprop,6,32,0.00001,0.616,1.105,0.477,2,RMSprop--6--32--0.00001
RMSprop,6,64,0.00001,0.626,1.075,0.488,3,RMSprop--6--64--0.00001
RMSprop,7,16,0.00001,0.638,1.028,0.497,1,RMSprop--7--16--0.00001
RMSprop,7,32,0.00001,0.661,0.951,0.518,2,RMSprop--7--32--0.00001
RMSprop,7,64,0.00001,0.684,0.874,0.539,3,RMSprop--7--64--0.00001
RMSprop,8,16,0.00001,0.706,0.8,0.56,1,RMSprop--8--16--0.00001
RMSprop,8,32,0.00001,0.729,0.727,0.581,2,RMSprop--8--32--0.00001
RMSprop,8,64,0.00001,0.752,0.654,0.602,3,RMSprop--8--64--0.00001
RMSprop,9,16,0.00001,0.774,0.585,0.623,1,RMSprop--9--16--0.00001
RMSprop,9,32,0.00001,0.797,0.514,0.644,2,RMSprop--9--32--0.00001
RMSprop,9,64,0.00001,0.82,0.444,0.665,3,RMSprop--9--64--0.00001
RMSprop,10,16,0.00001,0.842,0.325,0.686,1,RMSprop--10--16--0.00001
RMSprop,10,32,0.00001,0.865,0.251,0.707,2,RMSprop--10--32--0.00001
RMSprop,10,64,0.00001,0.887,0.179,0.729,3,RMSprop--10--64--0.00001
RMSprop,30,16,0.00001,0.97,0.069,0.97,1,RMSprop--30--16--0.00001
RMSprop,30,32,0.00001,0.978,0.046,0.978,2,RMSprop--30--32--0.00001
RMSprop,30,64,0.00001,0.984,0.031,0.984,3,RMSprop--30--64--0.00001
RMSprop,50,16,0.00001,0.99,0.024,0.99,1,RMSprop--50--16--0.00001
RMSprop,50,32,0.00001,0.993,0.016,0.993,2,RMSprop--50--32--0.00001
RMSprop,50,64,0.00001,0.995,0.012,0.995,3,RMSprop--50--64--0.00001
RMSprop,70,16,0.00001,0.996,0.009,0.996,1,RMSprop--70--16--0.00001
RMSprop,70,32,0.00001,0.996,0.009,0.996,2,RMSprop--70--32--0.00001
RMSprop,70,64,0.00001,0.997,0.007,0.997,3,RMSprop--70--64--0.00001
RMSprop,90,16,0.00001,0.997,0.005,0.997,1,RMSprop--90--16--0.00001
RMSprop,90,32,0.00001,0.997,0.004,0.997,2,RMSprop--90--32--0.00001
RMSprop,90,64,0.00001,0.998,0.003,0.998,3,RMSprop--90--64--0.00001
RMSprop,110,16,0.00001,0.998,0.003,0.998,1,RMSprop--110--16--0.00001
RMSprop,110,32,0.00001,0.998,0.002,0.998,2,RMSprop--110--32--0.00001
RMSprop,110,64,0.00001,0.998,0.002,0.998,3,RMSprop--110--64--0.00001
RMSprop,130,16,0.00001,0.998,0.001,0.998,1,RMSprop--130--16--0.00001
RMSprop,130,32,0.00001,0.998,0.001,0.998,2,RMSprop--130--32--0.00001
RMSprop,130,64,0.00001,0.998,0.001,0.998,3,RMSprop--130--64--0.00001
RMSprop,150,16,0.00001,0.998,0.001,0.998,1,RMSprop--150--16--0.00001
RMSprop,150,32,0.00001,0.998,0.001,0.998,2,RMSprop--150--32--0.00001
RMSprop,150,64,0.00001,0.998,0.001,0.998,3,RMSprop--150--64--0.00001
RMSprop,1,16,0.0001,0.239,2.152,0.153,1,RMSprop--1--16--0.0001
RMSprop,1,32,0.0001,0.263,2.097,0.171,2,RMSprop--1--32--0.0001
RMSprop,1,64,0.0001,0.288,2.041,0.19,3,RMSprop--1--64--0.0001
RMSprop,2,16,0.0001,0.31,1.992,0.207,1,RMSprop--2--16--0.0001
RMSprop,2,32,0.0001,0.334,1.937,0.226,2,RMSprop--2--32--0.0001
RMSprop,2,64,0.0001,0.359,1.879,0.246,3,RMSprop--2--64--0.0001
RMSprop,3,16,0.0001,0.384,1.819,0.266,1,RMSprop--3--16--0.0001
RMSprop,3,32,0.0001,0.409,1.755,0.287,2,RMSprop--3--32--0.0001
RMSprop,3,64,0.0001,0.433,1.69,0.308,3,RMSprop--3--64--0.0001
RMSprop,4,16,0.0001,0.457,1.624,0.329,1,RMSprop--4--16--0.0001
RMSprop,4,32,0.0001,0.48,1.558,0.35,2,RMSprop--4--32--0.0001
RMSprop,4,64,0.0001,0.503,1.488,0.371,3,RMSprop--4--64--0.0001
RMSprop,5,16,0.0001,0.526,1.414,0.393,1,RMSprop--5--16--0.0001
RMSprop,5,32,0.0001,0.55,1.344,0.414,2,RMSprop--5--32--0.0001
RMSprop,5,64,0.0001,0.573,1.272,0.435,3,RMSprop--5--64--0.0001
RMSprop,6,16,0.0001,0.594,1.206,0.456,1,RMSprop--6--16--0.0001
RMSprop,6,32,0.0001,0.617,1.129,0.477,2,RMSprop--6--32--0.0001
RMSprop,6,64,0.0001,0.626,1.103,0.488,3,RMSprop--6--64--0.0001
RMSprop,7,16,0.0001,0.638,1.028,0.497,1,RMSprop--7--16--0.0001
RMSprop,7,32,0.0001,0.661,0.951,0.518,2,RMSprop--7--32--0.0001
RMSprop,7,64,0.0001,0.684,0.874,0.539,3,RMSprop--7--64--0.0001
RMSprop,8,16,0.0001,0.706,0.8,0.56,1,RMSprop--8--16--0.0001
RMSprop,8,32,0.0001,0.729,0.727,0.581,2,RMSprop--8--32--0.0001
RMSprop,8,64,0.0001,0.752,0.654,0.602,3,RMSprop--8--64--0.0001
RMSprop,9,16,0.0001,0.774,0.585,0.623,1,RMSprop--9--16--0.0001
RMSprop,9,32,0.0001,0.797,0.514,0.644,2,RMSprop--9--32--0.0001
RMSprop,9,64,0.0001,0.82,0.444,0.665,3,RMSprop--9--64--0.0001
RMSprop,10,16,0.0001,0.842,0.325,0.686,1,RMSprop--10--16--0.0001
RMSprop,10,32,0.0001,0.865,0.251,0.707,2,RMSprop--10--32--0.0001
RMSprop,10,64,0.0001,0.887,0.179,0.729,3,RMSprop--10--64--0.0001
RMSprop,30,16,0.0001,0.964,0.1,0.964,1,RMSprop--30--16--0.0001
RMSprop,30,32,0.0001,0.974,0.075,0.974,2,RMSprop--30--32--0.0001
RMSprop,30,64,0.0001,0.982,0.053,0.982,3,RMSprop--30--64--0.0001
RMSprop,50,16,0.0001,0.985,0.044,0.985,1,RMSprop--50--16--0.0001
RMSprop,50,32,0.0001,0.989,0.032,0.989,2,RMSprop--50--32--0.0001
RMSprop,50,64,0.0001,0.992,0.023,0.992,3,RMSprop--50--64--0.0001
RMSprop,70,16,0.0001,0.992,0.02,0.992,1,RMSprop--70--16--0.0001
RMSprop,70,32,0.0001,0.995,0.012,0.995,2,RMSprop--70--32--0.0001
RMSprop,70,64,0.0001,0.996,0.008,0.996,3,RMSprop--70--64--0.0001
RMSprop,90,16,0.0001,0.997,0.006,0.997,1,RMSprop--90--16--0.0001
RMSprop,90,32,0.0001,0.997,0.005,0.997,2,RMSprop--90--32--0.0001
RMSprop,90,64,0.0001,0.997,0.004,0.997,3,RMSprop--90--64--0.0001
RMSprop,110,16,0.0001,0.998,0.003,0.998,1,RMSprop--110--16--0.0001
RMSprop,110,32,0.0001,0.998,0.002,0.998,2,RMSprop--110--32--0.0001
RMSprop,110,64,0.0001,0.998,0.002,0.998,3,RMSprop--110--64--0.0001
RMSprop,130,16,0.0001,0.998,0.001,0.998,1,RMSprop--130--16--0.0001
RMSprop,130,32,0.0001,0.998,0.001,0.998,2,RMSprop--130--32--0.0001
RMSprop,130,64,0.0001,0.998,0.001,0.998,3,RMSprop--130--64--0.0001
RMSprop,150,16,0.0001,0.998,0.001,0.998,1,RMSprop--150--16--0.0001
RMSprop,150,32,0.0001,0.998,0.001,0.998,2,RMSprop--150--32--0.0001
RMSprop,150,64,0.0001,0.998,0.001,0.998,3,RMSprop--150--64--0.0001
RMSprop,1,16,0.001,0.353,1.81,0.159,1,RMSprop--1--16--0.001
RMSprop,1,32,0.001,0.379,1.658,0.187,2,RMSprop--1--32--0.001
RMSprop,1,64,0.001,0.402,1.513,0.215,3,RMSprop--1--64--0.001
RMSprop,2,16,0.001,0.436,1.368,0.25,1,RMSprop--2--16--0.001
RMSprop,2,32,0.001,0.462,1.235,0.278,2,RMSprop--2--32--0.001
RMSprop,2,64,0.001,0.488,1.11,0.307,3,RMSprop--2--64--0.001
RMSprop,3,16,0.001,0.515,0.982,0.354,1,RMSprop--3--16--0.001
RMSprop,3,32,0.001,0.541,0.862,0.381,2,RMSprop--3--32--0.001
RMSprop,3,64,0.001,0.567,0.748,0.409,3,RMSprop--3--64--0.001
RMSprop,4,16,0.001,0.593,0.632,0.454,1,RMSprop--4--16--0.001
RMSprop,4,32,0.001,0.618,0.531,0.48,2,RMSprop--4--32--0.001
RMSprop,4,64,0.001,0.643,0.435,0.507,3,RMSprop--4--64--0.001
RMSprop,5,16,0.001,0.668,0.355,0.548,1,RMSprop--5--16--0.001
RMSprop,5,32,0.001,0.693,0.281,0.575,2,RMSprop--5--32--0.001
RMSprop,5,64,0.001,0.719,0.215,0.602,3,RMSprop--5--64--0.001
RMSprop,6,16,0.001,0.744,0.135,0.63,1,RMSprop--6--16--0.001
RMSprop,6,32,0.001,0.769,0.102,0.656,2,RMSprop--6--32--0.001
RMSprop,6,64,0.001,0.794,0.078,0.683,3,RMSprop--6--64--0.001
RMSprop,7,16,0.001,0.819,0.055,0.71,1,RMSprop--7--16--0.001
RMSprop,7,32,0.001,0.844,0.039,0.737,2,RMSprop--7--32--0.001
RMSprop,7,64,0.001,0.854,0.028,0.745,3,RMSprop--7--64--0.001
RMSprop,8,16,0.001,0.869,0.03,0.763,1,RMSprop--8--16--0.001
RMSprop,8,32,0.001,0.894,0.023,0.79,2,RMSprop--8--32--0.001
RMSprop,8,64,0.001,0.919,0.019,0.816,3,RMSprop--8--64--0.001
RMSprop,9,16,0.001,0.944,0.012,0.842,1,RMSprop--9--16--0.001
RMSprop,9,32,0.001,0.968,0.007,0.868,2,RMSprop--9--32--0.001
RMSprop,9,64,0.001,0.99,0.003,0.893,3,RMSprop--9--64--0.001
RMSprop,10,16,0.001,0.991,0.003,0.894,1,RMSprop--10--16--0.001
RMSprop,10,32,0.001,0.992,0.002,0.895,2,RMSprop--10--32--0.001
RMSprop,10,64,0.001,0.993,0.002,0.897,3,RMSprop--10--64--0.001
RMSprop,30,16,0.001,0.996,0.001,0.997,1,RMSprop--30--16--0.001
RMSprop,30,32,0.001,0.997,0.001,0.997,2,RMSprop--30--32--0.001
RMSprop,30,64,0.001,0.997,0.001,0.997,3,RMSprop--30--64--0.001
RMSprop,50,16,0.001,0.997,0.001,0.997,1,RMSprop--50--16--0.001
RMSprop,50,32,0.001,0.998,0.001,0.998,2,RMSprop--50--32--0.001
RMSprop,50,64,0.001,0.998,0.001,0.998,3,RMSprop--50--64--0.001
RMSprop,70,16,0.001,0.998,0.001,0.998,1,RMSprop--70--16--0.001
RMSprop,70,32,0.001,0.998,0.001,0.998,2,RMSprop--70--32--0.001
RMSprop,70,64,0.001,0.998,0.001,0.998,3,RMSprop--70--64--0.001
RMSprop,90,16,0.001,0.998,0.001,0.998,1,RMSprop--90--16--0.001
RMSprop,90,32,0.001,0.998,0.001,0.998,2,RMSprop--90--32--0.001
RMSprop,90,64,0.001,0.998,0.001,0.998,3,RMSprop--90--64--0.001
RMSprop,110,16,0.001,0.998,0.001,0.998,1,RMSprop--110--16--0.001
RMSprop,110,32,0.001,0.998,0.001,0.998,2,RMSprop--110--32--0.001
RMSprop,110,64,0.001,0.998,0.001,0.998,3,RMSprop--110--64--0.001
RMSprop,130,16,0.001,0.998,0.001,0.998,1,RMSprop--130--16--0.001
RMSprop,130,32,0.001,0.998,0.001,0.998,2,RMSprop--130--32--0.001
RMSprop,130,64,0.001,0.998,0.001,0.998,3,RMSprop--130--64--0.001
RMSprop,150,16,0.001,0.998,0.001,0.998,1,RMSprop--150--16--0.001
RMSprop,150,32,0.001,0.998,0.001,0.998,2,RMSprop--150--32--0.001
RMSprop,150,64,0.001,0.998,0.001,0.998,3,RMSprop--150--64--0.001
RMSprop,1,16,0.01,0.129,4.841,0.039,1,RMSprop--1--16--0.01
RMSprop,1,32,0.01,0.125,4.865,0.034,2,RMSprop--1--32--0.01
RMSprop,1,64,0.01,0.141,4.767,0.048,3,RMSprop--1--64--0.01
RMSprop,2,16,0.01,0.125,4.862,0.034,1,RMSprop--2--16--0.01
RMSprop,2,32,0.01,0.148,4.674,0.066,2,RMSprop--2--32--0.01
RMSprop,2,64,0.01,0.129,4.841,0.039,3,RMSprop--2--64--0.01
RMSprop,3,16,0.01,0.125,4.865,0.034,1,RMSprop--3--16--0.01
RMSprop,3,32,0.01,0.141,4.767,0.048,2,RMSprop--3--32--0.01
RMSprop,3,64,0.01,0.125,4.862,0.034,3,RMSprop--3--64--0.01
RMSprop,4,16,0.01,0.125,4.865,0.034,1,RMSprop--4--16--0.01
RMSprop,4,32,0.01,0.129,4.841,0.039,2,RMSprop--4--32--0.01
RMSprop,4,64,0.01,0.148,4.674,0.066,3,RMSprop--4--64--0.01
RMSprop,5,16,0.01,0.125,4.865,0.034,1,RMSprop--5--16--0.01
RMSprop,5,32,0.01,0.129,4.841,0.039,2,RMSprop--5--32--0.01
RMSprop,5,64,0.01,0.141,4.767,0.048,3,RMSprop--5--64--0.01
RMSprop,6,16,0.01,0.129,4.841,0.039,1,RMSprop--6--16--0.01
RMSprop,6,32,0.01,0.141,4.767,0.048,2,RMSprop--6--32--0.01
RMSprop,6,64,0.01,0.129,4.841,0.039,3,RMSprop--6--64--0.01
RMSprop,7,16,0.01,0.129,4.841,0.039,1,RMSprop--7--16--0.01
RMSprop,7,32,0.01,0.141,4.841,0.048,2,RMSprop--7--32--0.01
RMSprop,7,64,0.01,0.148,4.674,0.066,3,RMSprop--7--64--0.01
RMSprop,8,16,0.01,0.129,4.841,0.039,1,RMSprop--8--16--0.01
RMSprop,8,32,0.01,0.141,4.767,0.048,2,RMSprop--8--32--0.01
RMSprop,8,64,0.01,0.129,4.841,0.039,3,RMSprop--8--64--0.01
RMSprop,9,16,0.01,0.129,4.841,0.039,1,RMSprop--9--16--0.01
RMSprop,9,32,0.01,0.141,4.767,0.048,2,RMSprop--9--32--0.01
RMSprop,9,64,0.01,0.125,4.865,0.034,3,RMSprop--9--64--0.01
RMSprop,10,16,0.01,0.125,4.865,0.034,1,RMSprop--10--16--0.01
RMSprop,10,32,0.01,0.125,4.865,0.034,2,RMSprop--10--32--0.01
RMSprop,10,64,0.01,0.129,4.841,0.039,3,RMSprop--10--64--0.01
RMSprop,30,16,0.01,0.125,4.865,0.034,1,RMSprop--30--16--0.01
RMSprop,30,32,0.01,0.125,4.865,0.034,2,RMSprop--30--32--0.01
RMSprop,30,64,0.01,0.129,4.841,0.039,3,RMSprop--30--64--0.01
RMSprop,50,16,0.01,0.125,4.865,0.034,1,RMSprop--50--16--0.01
RMSprop,50,32,0.01,0.141,4.767,0.048,2,RMSprop--50--32--0.01
RMSprop,50,64,0.01,0.129,4.841,0.039,3,RMSprop--50--64--0.01
RMSprop,70,16,0.01,0.125,4.865,0.034,1,RMSprop--70--16--0.01
RMSprop,70,32,0.01,0.129,4.841,0.039,2,RMSprop--70--32--0.01
RMSprop,70,64,0.01,0.141,4.767,0.048,3,RMSprop--70--64--0.01
RMSprop,90,16,0.01,0.129,4.841,0.039,1,RMSprop--90--16--0.01
RMSprop,90,32,0.01,0.141,4.767,0.048,2,RMSprop--90--32--0.01
RMSprop,90,64,0.01,0.125,4.865,0.034,3,RMSprop--90--64--0.01
RMSprop,110,16,0.01,0.129,4.841,0.039,1,RMSprop--110--16--0.01
RMSprop,110,32,0.01,0.129,4.841,0.039,2,RMSprop--110--32--0.01
RMSprop,110,64,0.01,0.141,4.767,0.048,3,RMSprop--110--64--0.01
RMSprop,130,16,0.01,0.125,4.865,0.034,1,RMSprop--130--16--0.01
RMSprop,130,32,0.01,0.125,4.865,0.034,2,RMSprop--130--32--0.01
RMSprop,130,64,0.01,0.129,4.841,0.039,3,RMSprop--130--64--0.01
RMSprop,150,16,0.01,0.125,4.865,0.034,1,RMSprop--150--16--0.01
RMSprop,150,32,0.01,0.125,4.865,0.034,2,RMSprop--150--32--0.01
RMSprop,150,64,0.01,0.141,4.767,0.048,3,RMSprop--150--64--0.01
RMSprop,1,16,0.1,0.104,5.134,0.011,1,RMSprop--1--16--0.1
RMSprop,1,32,0.1,0.104,5.134,0.011,2,RMSprop--1--32--0.1
RMSprop,1,64,0.1,0.107,5.125,0.018,3,RMSprop--1--64--0.1
RMSprop,2,16,0.1,0.098,5.173,0.005,1,RMSprop--2--16--0.1
RMSprop,2,32,0.1,0.104,5.134,0.011,2,RMSprop--2--32--0.1
RMSprop,2,64,0.1,0.1,5.154,0.007,3,RMSprop--2--64--0.1
RMSprop,3,16,0.1,0.098,5.173,0.005,1,RMSprop--3--16--0.1
RMSprop,3,32,0.1,0.104,5.134,0.011,2,RMSprop--3--32--0.1
RMSprop,3,64,0.1,0.107,5.125,0.018,3,RMSprop--3--64--0.1
RMSprop,4,16,0.1,0.098,5.173,0.005,1,RMSprop--4--16--0.1
RMSprop,4,32,0.1,0.107,5.125,0.018,2,RMSprop--4--32--0.1
RMSprop,4,64,0.1,0.104,5.134,0.011,3,RMSprop--4--64--0.1
RMSprop,5,16,0.1,0.098,5.173,0.005,1,RMSprop--5--16--0.1
RMSprop,5,32,0.1,0.1,5.154,0.007,2,RMSprop--5--32--0.1
RMSprop,5,64,0.1,0.104,5.134,0.011,3,RMSprop--5--64--0.1
RMSprop,6,16,0.1,0.098,5.173,0.005,1,RMSprop--6--16--0.1
RMSprop,6,32,0.1,0.104,5.134,0.011,2,RMSprop--6--32--0.1
RMSprop,6,64,0.1,0.1,5.154,0.007,3,RMSprop--6--64--0.1
RMSprop,7,16,0.1,0.098,5.173,0.005,1,RMSprop--7--16--0.1
RMSprop,7,32,0.1,0.104,5.134,0.011,2,RMSprop--7--32--0.1
RMSprop,7,64,0.1,0.1,5.154,0.007,3,RMSprop--7--64--0.1
RMSprop,8,16,0.1,0.104,5.134,0.011,1,RMSprop--8--16--0.1
RMSprop,8,32,0.1,0.107,5.125,0.018,2,RMSprop--8--32--0.1
RMSprop,8,64,0.1,0.107,5.125,0.018,3,RMSprop--8--64--0.1
RMSprop,9,16,0.1,0.104,5.134,0.011,1,RMSprop--9--16--0.1
RMSprop,9,32,0.1,0.1,5.154,0.007,2,RMSprop--9--32--0.1
RMSprop,9,64,0.1,0.104,5.134,0.011,3,RMSprop--9--64--0.1
RMSprop,10,16,0.1,0.098,5.173,0.005,1,RMSprop--10--16--0.1
RMSprop,10,32,0.1,0.104,5.134,0.011,2,RMSprop--10--32--0.1
RMSprop,10,64,0.1,0.104,5.134,0.011,3,RMSprop--10--64--0.1
RMSprop,30,16,0.1,0.098,5.173,0.005,1,RMSprop--30--16--0.1
RMSprop,30,32,0.1,0.104,5.134,0.011,2,RMSprop--30--32--0.1
RMSprop,30,64,0.1,0.104,5.134,0.011,3,RMSprop--30--64--0.1
RMSprop,50,16,0.1,0.098,5.173,0.005,1,RMSprop--50--16--0.1
RMSprop,50,32,0.1,0.104,5.134,0.011,2,RMSprop--50--32--0.1
RMSprop,50,64,0.1,0.107,5.125,0.018,3,RMSprop--50--64--0.1
RMSprop,70,16,0.1,0.098,5.173,0.005,1,RMSprop--70--16--0.1
RMSprop,70,32,0.1,0.1,5.154,0.007,2,RMSprop--70--32--0.1
RMSprop,70,64,0.1,0.107,5.125,0.018,3,RMSprop--70--64--0.1
RMSprop,90,16,0.1,0.098,5.173,0.005,1,RMSprop--90--16--0.1
RMSprop,90,32,0.1,0.107,5.125,0.018,2,RMSprop--90--32--0.1
RMSprop,90,64,0.1,0.107,5.125,0.018,3,RMSprop--90--64--0.1
RMSprop,110,16,0.1,0.107,5.125,0.018,1,RMSprop--110--16--0.1
RMSprop,110,32,0.1,0.107,5.125,0.018,2,RMSprop--110--32--0.1
RMSprop,110,64,0.1,0.107,5.125,0.018,3,RMSprop--110--64--0.1
RMSprop,130,16,0.1,0.107,5.125,0.018,1,RMSprop--130--16--0.1
RMSprop,130,32,0.1,0.104,5.134,0.011,2,RMSprop--130--32--0.1
RMSprop,130,64,0.1,0.107,5.125,0.018,3,RMSprop--130--64--0.1
RMSprop,150,16,0.1,0.098,5.173,0.005,1,RMSprop--150--16--0.1
RMSprop,150,32,0.1,0.1,5.154,0.007,2,RMSprop--150--32--0.1
RMSprop,150,64,0.1,0.107,5.125,0.018,3,RMSprop--150--64--0.1
